eq_id,prefecture,mean_pga,max_pga,date,depth,magnitude
usb000q9sv,Chiba,2.8079557418823198,7.51286583682181,2014-05-04,153,6
usb000q9sv,Kanagawa,2.58240485191345,5.21565743557694,2014-05-04,153,6
usb000q9sv,Tokyo,2.57626295089722,6.4722934511987,2014-05-04,153,6
usb000syza,Nagano,3.00549912452698,17.6875978152747,2014-11-22,9,6.2
usb000syza,Niigata,1.21659541130066,11.800655510834,2014-11-22,9,6.2
usb000syza,Toyama,1.67281913757324,8.66042107793169,2014-11-22,9,6.2
usb000tpvj,Iwate,2.09679460525513,5.79507678557568,2015-02-16,23,6.7
us20002et4,Iwate,6.82806634902954,28.1232272929832,2015-05-12,35,6.8
us20002et4,Miyagi,6.27780675888062,23.950594357976,2015-05-12,35,6.8
us10003y71,Kagoshima,1.06621634960175,5.93124532699585,2015-11-13,12,6.7
us10004ebx,Aomori,3.30804181098938,7.48273741062045,2016-01-14,46,6.7
us10004ebx,Hokkaido,3.28433728218079,17.3416638015308,2016-01-14,46,6.7
us20005hzn,Fukuoka,3.49843907356262,9.65329770583528,2016-04-14,9,6.2
us20005hzn,Kagoshima,1.51833546161652,5.81059415481016,2016-04-14,9,6.2
us20005hzn,Kumamoto,9.91664505004883,34.8923166964159,2016-04-14,9,6.2
us20005hzn,Miyazaki,3.26580619812012,9.15847912858742,2016-04-14,9,6.2
us20005hzn,Nagasaki,1.67425382137299,8.52982367598918,2016-04-14,9,6.2
us20005hzn,Oita,2.40645551681519,9.37354958083143,2016-04-14,9,6.2
us20005hzn,Saga,2.68218374252319,7.38573911213743,2016-04-14,9,6.2
us20005i1a,Kagoshima,1.42446863651276,5.00740821022355,2016-04-14,8,6
us20005i1a,Kumamoto,5.75334692001343,21.7906901952496,2016-04-14,8,6
us20005i1a,Miyazaki,1.98577964305878,5.67959135046391,2016-04-14,8,6
us20005iis,Fukuoka,8.25868225097656,22.753613468031,2016-04-15,10,7
us20005iis,Kagoshima,2.77285432815552,11.3886703342849,2016-04-15,10,7
us20005iis,Kumamoto,27.1433277130127,98.3651632736797,2016-04-15,10,7
us20005iis,Miyazaki,7.90656709671021,24.9667536982359,2016-04-15,10,7
us20005iis,Nagasaki,3.80942964553833,15.2232126370695,2016-04-15,10,7
us20005iis,Oita,11.1323070526123,48.1865839361237,2016-04-15,10,7
us20005iis,Saga,6.24985837936401,15.1257004586749,2016-04-15,10,7
us20005iis,Yamaguchi,1.82386040687561,6.89115797292837,2016-04-15,10,7
us20007fta,Hiroshima,1.53937661647797,5.0827745779887,2016-10-21,5.63,6.2
us20007fta,Hyogo,2.34401965141296,6.45493820043571,2016-10-21,5.63,6.2
us20007fta,Okayama,6.35266351699829,31.9779874003382,2016-10-21,5.63,6.2
us20007fta,Shimane,2.21498703956604,9.43408682812145,2016-10-21,5.63,6.2
us20007fta,Tottori,13.6944637298584,42.9380384604922,2016-10-21,5.63,6.2
us1000770m,Iwate,1.92407989501953,5.59264271919942,2016-11-11,42.4,6.1
us1000770m,Miyagi,3.25101637840271,9.10231423877651,2016-11-11,42.4,6.1
us10007b88,Fukushima,4.44775533676147,18.8800580330259,2016-11-21,9,6.9
us10007b88,Ibaraki,2.70544743537903,7.50516043690204,2016-11-21,9,6.9
us10007b88,Miyagi,3.30609273910522,8.65147683368127,2016-11-21,9,6.9
us2000h8ty,Hokkaido,6.28975343704224,68.5288873730319,2018-09-05,35,6.6
us2000j1d4,Kagoshima,3.68648147583008,14.0400648703269,2019-01-08,35,6.3
us70003j46,Miyazaki,3.89316320419312,13.0714841594175,2019-05-09,22,6.2
us600042fx,Akita,3.39016628265381,12.7371714677782,2019-06-18,12,6.4
us600042fx,Fukushima,2.3614168167114302,7.30303320301893,2019-06-18,12,6.4
us600042fx,Miyagi,3.38188004493713,10.3421135519129,2019-06-18,12,6.4
us600042fx,Niigata,4.7086615562439,49.7578156399019,2019-06-18,12,6.4
us600042fx,Yamagata,9.58709716796875,56.0732308757417,2019-06-18,12,6.4
us600050if,Fukushima,2.25365591049194,6.29369166417961,2019-08-04,38,6.3
us600050if,Miyagi,2.53284955024719,5.26522148330687,2019-08-04,38,6.3
us7000903m,Iwate,2.60778117179871,9.76011123771745,2020-04-19,38,6.3
us7000903m,Miyagi,2.89846587181091,8.66245721526441,2020-04-19,38,6.3
us6000dher,Akita,2.25463247299194,9.78630403663981,2021-02-13,43.98,7.1
us6000dher,Chiba,4.01125812530518,10.7553144776266,2021-02-13,43.98,7.1
us6000dher,Fukushima,19.2610664367676,60.7787882934249,2021-02-13,43.98,7.1
us6000dher,Gunma,2.49556684494019,7.46702775635595,2021-02-13,43.98,7.1
us6000dher,Ibaraki,12.9512186050415,24.267742624594,2021-02-13,43.98,7.1
us6000dher,Iwate,7.29683542251587,27.001062055545,2021-02-13,43.98,7.1
us6000dher,Kanagawa,2.326979637146,6.07370382324701,2021-02-13,43.98,7.1
us6000dher,Miyagi,19.9521713256836,43.5846458452772,2021-02-13,43.98,7.1
us6000dher,Niigata,1.72191452980042,5.24278401710656,2021-02-13,43.98,7.1
us6000dher,Saitama,4.3392539024353,8.3604117156089,2021-02-13,43.98,7.1
us6000dher,Tochigi,8.25081157684326,25.1587311638004,2021-02-13,43.98,7.1
us6000dher,Tokyo,2.96216917037964,5.96849847000497,2021-02-13,43.98,7.1
us6000dher,Yamagata,6.15652275085449,19.8824837839413,2021-02-13,43.98,7.1
us7000dl6y,Akita,1.63234162330627,6.92033151617837,2021-03-20,43,7
us7000dl6y,Fukushima,5.48567533493042,23.0518446234387,2021-03-20,43,7
us7000dl6y,Ibaraki,4.06442499160767,7.55169170792877,2021-03-20,43,7
us7000dl6y,Iwate,7.27644157409668,35.1890698709513,2021-03-20,43,7
us7000dl6y,Miyagi,15.9993028640747,54.4646265517678,2021-03-20,43,7
us7000dl6y,Tochigi,2.15685200691223,5.83321518108914,2021-03-20,43,7
us7000dl6y,Yamagata,3.15843462944031,10.6875705268168,2021-03-20,43,7
us7000dz5t,Fukushima,2.28141403198242,7.95823120805127,2021-05-01,43,6.9
us7000dz5t,Iwate,2.37847065925598,9.43122620118676,2021-05-01,43,6.9
us7000dz5t,Miyagi,7.52089023590088,18.1568436308557,2021-05-01,43,6.9
us7000dz5t,Yamagata,2.59466695785522,5.38119194938111,2021-05-01,43,6.9
us6000gaq5,Kagoshima,0.397600650787354,14.6877603223481,2021-12-09,7,6
us7000gdwz,Ehime,2.94776487350464,24.0359776322515,2022-01-21,39,6.3
us7000gdwz,Kochi,2.03519868850708,17.0376816494398,2022-01-21,39,6.3
us7000gdwz,Kumamoto,4.10333442687988,15.6365473979003,2022-01-21,39,6.3
us7000gdwz,Miyazaki,6.66608381271362,31.3524087289367,2022-01-21,39,6.3
us7000gdwz,Oita,7.5812554359436,27.0965836839173,2022-01-21,39,6.3
us6000h519,Akita,3.14235401153564,15.7292954993059,2022-03-16,41,7.3
us6000h519,Aomori,2.07551646232605,6.60085914959656,2022-03-16,41,7.3
us6000h519,Chiba,4.60135841369629,12.7847401019694,2022-03-16,41,7.3
us6000h519,Fukushima,18.2463760375977,65.1110840018985,2022-03-16,41,7.3
us6000h519,Gunma,2.68784761428833,8.43772546047448,2022-03-16,41,7.3
us6000h519,Ibaraki,14.5025844573975,28.9199575635325,2022-03-16,41,7.3
us6000h519,Iwate,11.5804347991943,41.1283411726967,2022-03-16,41,7.3
us6000h519,Kanagawa,2.6565043926239,6.29953595104896,2022-03-16,41,7.3
us6000h519,Miyagi,29.9593887329102,65.4549030653574,2022-03-16,41,7.3
us6000h519,Niigata,1.67957186698914,5.0495426705169,2022-03-16,41,7.3
us6000h519,Saitama,4.86890316009521,9.24785281497689,2022-03-16,41,7.3
us6000h519,Tochigi,8.59125995635986,21.6898754371795,2022-03-16,41,7.3
us6000h519,Tokyo,3.41052055358887,6.89864252286706,2022-03-16,41,7.3
us6000h519,Yamagata,6.74359655380249,22.3444491154619,2022-03-16,41,7.3
us6000jrjl,Hokkaido,1.84508168697357,11.8306432084161,2023-02-25,55,6
us6000k9mb,Ishikawa,7.76502275466919,66.3429345685032,2023-05-05,10,6.2
us6000k9mb,Niigata,1.61678087711334,6.73302684363618,2023-05-05,10,6.2
us6000k9mb,Toyama,2.3413987159729,6.49158794436312,2023-05-05,10,6.2
us7000k46f,Chiba,4.87673711776733,9.0907784694157,2023-05-26,42,6.1
us7000k46f,Ibaraki,2.22046208381653,6.40719191261976,2023-05-26,42,6.1
us7000k7su,Hokkaido,2.11987495422363,5.71910462281328,2023-06-11,121,6.2
us6000lch5,Tokyo,2.73231482505798,7.05932679603944,2023-10-03,10,6
us6000lcz1,Tokyo,2.21327567100525,6.89374450888902,2023-10-05,10,6.1
us6000m0xl,Fukui,4.96721792221069,15.6515898277896,2024-01-01,10,7.5
us6000m0xl,Fukushima,2.1629102230072,7.65469378185093,2024-01-01,10,7.5
us6000m0xl,Gifu,3.94379591941833,13.5464862745276,2024-01-01,10,7.5
us6000m0xl,Gunma,1.91552293300629,5.86513779964466,2024-01-01,10,7.5
us6000m0xl,Ishikawa,47.0982818603516,166.903009258809,2024-01-01,10,7.5
us6000m0xl,Nagano,2.58447933197021,13.8696712340561,2024-01-01,10,7.5
us6000m0xl,Niigata,8.80088138580322,41.5485096309074,2024-01-01,10,7.5
us6000m0xl,Toyama,15.074423789978,40.4617424314834,2024-01-01,10,7.5
us6000m0xl,Yamagata,2.30286741256714,7.06064308312945,2024-01-01,10,7.5
us7000mcpi,Ehime,13.1795034408569,61.1045107563192,2024-04-17,32,6.3
us7000mcpi,Hiroshima,1.98422110080719,8.99560846774134,2024-04-17,32,6.3
us7000mcpi,Kochi,5.4812593460083,42.5468548820753,2024-04-17,32,6.3
us7000mcpi,Kumamoto,1.68617284297943,8.94995850678538,2024-04-17,32,6.3
us7000mcpi,Miyazaki,1.97234070301056,11.54441737274,2024-04-17,32,6.3
us7000mcpi,Oita,4.96405458450317,24.0275808703252,2024-04-17,32,6.3
us7000mcpi,Yamaguchi,1.59987688064575,11.426134673601,2024-04-17,32,6.3
us6000nith,Kagoshima,4.77351760864258,18.9331517762364,2024-08-08,24,7.1
us6000nith,Miyazaki,7.34911584854126,32.153628953265,2024-08-08,24,7.1
us7000nu90,Fukui,1.66566145420074,5.95653450127335,2024-11-26,8,6.1
us7000nu90,Ishikawa,5.02099657058716,13.0976357759182,2024-11-26,8,6.1
us7000nu90,Toyama,2.96392869949341,8.77019671574809,2024-11-26,8,6.1
us6000pjny,Kagoshima,6.14685821533203,16.9959784470679,2025-01-13,39,6.8
us6000pjny,Kochi,1.10461807250977,5.34756289483574,2025-01-13,39,6.8
us6000pjny,Kumamoto,4.38507509231567,11.0839007467212,2025-01-13,39,6.8
us6000pjny,Miyazaki,12.0364751815796,27.2385712723955,2025-01-13,39,6.8
us6000pjny,Oita,2.55623197555542,7.5064399452838,2025-01-13,39,6.8
